id,qname,heading,text,type,diagram,website,updated
,AccessCategoryCode,AccessCategoryCode,A code that indicates categories of access to a location that can affect the applicability of a regulation.,Class,https://w3id.org/itsdata/regulation/v1/diagrams/AccessCategoryCode.dot.svg,https://w3id.org/itsdata/regulation/v1/AccessCategoryCode,2026-07-21T18:08:15.348954
,AccessControlDevice,AccessControlDevice,"A device that is used to control access to a specific area, such as a gate or barrier.",Class,https://w3id.org/itsdata/regulation/v1/diagrams/AccessControlDevice.dot.svg,https://w3id.org/itsdata/regulation/v1/AccessControlDevice,2026-07-21T18:08:15.348954
,AccessControlTypeCode,AccessControlTypeCode,A code that indicates the type of access control device.,Class,https://w3id.org/itsdata/regulation/v1/diagrams/AccessControlTypeCode.dot.svg,https://w3id.org/itsdata/regulation/v1/AccessControlTypeCode,2026-07-21T18:08:15.348954
,ActivationStatusCode,ActivationStatusCode,A code indicating the activation status of an object,Class,https://w3id.org/itsdata/regulation/v1/diagrams/ActivationStatusCode.dot.svg,https://w3id.org/itsdata/regulation/v1/ActivationStatusCode,2026-07-21T18:08:15.348954
,ChannelizationDevice,ChannelizationDevice,"A device that is used to guide or direct traffic, such as a curb or a series of cones, barrels, or barricades.",Class,https://w3id.org/itsdata/regulation/v1/diagrams/ChannelizationDevice.dot.svg,https://w3id.org/itsdata/regulation/v1/ChannelizationDevice,2026-07-21T18:08:15.348954
,ChannelizationTypeCode,ChannelizationTypeCode,A code that indicates the type of channelization device.,Class,https://w3id.org/itsdata/regulation/v1/diagrams/ChannelizationTypeCode.dot.svg,https://w3id.org/itsdata/regulation/v1/ChannelizationTypeCode,2026-07-21T18:08:15.348954
,CodePairRegulationCode,CodePairRegulationCode,A code indicating the type of regulation that is associated with a code pair.,Class,https://w3id.org/itsdata/regulation/v1/diagrams/CodePairRegulationCode.dot.svg,https://w3id.org/itsdata/regulation/v1/CodePairRegulationCode,2026-07-21T18:08:15.348954
,CodedPairRegulation,CodedPairRegulation,A restriction defined by a code.,Class,https://w3id.org/itsdata/regulation/v1/diagrams/CodedPairRegulation.dot.svg,https://w3id.org/itsdata/regulation/v1/CodedPairRegulation,2026-07-21T18:08:15.348954
,CodedRegulation,CodedRegulation,A restriction defined by a code.,Class,https://w3id.org/itsdata/regulation/v1/diagrams/CodedRegulation.dot.svg,https://w3id.org/itsdata/regulation/v1/CodedRegulation,2026-07-21T18:08:15.348954
,CodedRegulationWithFee,CodedRegulationWithFee,A condition defined by a code.,Class,https://w3id.org/itsdata/regulation/v1/diagrams/CodedRegulationWithFee.dot.svg,https://w3id.org/itsdata/regulation/v1/CodedRegulationWithFee,2026-07-21T18:08:15.348954
,CodedRegulationWithThreshold,CodedRegulationWithThreshold,A restriction defined by a code coupled with a threshold value.,Class,https://w3id.org/itsdata/regulation/v1/diagrams/CodedRegulationWithThreshold.dot.svg,https://w3id.org/itsdata/regulation/v1/CodedRegulationWithThreshold,2026-07-21T18:08:15.348954
,CompositeSign,CompositeSign,"A single traffic-control unit whose content is an ordered sequence of one or more SimpleSigns, represented as an rdf:List: rdf:first is the main sign, and each rdf:rest step is the next panel in order (for example supplemental signs).",Class,https://w3id.org/itsdata/regulation/v1/diagrams/CompositeSign.dot.svg,https://w3id.org/itsdata/regulation/v1/CompositeSign,2026-07-21T18:08:15.348954
,Condition,Condition,"A boolean condition that must evaluate to true for the associated regulation(s) to currently apply. Even if the condition is true, it is not active if it is currently overridden. The condition may be multi-part.",Class,https://w3id.org/itsdata/regulation/v1/diagrams/Condition.dot.svg,https://w3id.org/itsdata/regulation/v1/Condition,2026-07-21T18:08:15.348954
,ConditionCode,ConditionCode,A code that indicates the enumerated types of conditions that affect the applicability of a regulation.,Class,https://w3id.org/itsdata/regulation/v1/diagrams/ConditionCode.dot.svg,https://w3id.org/itsdata/regulation/v1/ConditionCode,2026-07-21T18:08:15.348954
,ConditionSet,ConditionSet,A composite condition that consists of two or more Conditions combined by a logical operator; the set must evaluate to true for the associated regulation(s) to currently apply.,Class,https://w3id.org/itsdata/regulation/v1/diagrams/ConditionSet.dot.svg,https://w3id.org/itsdata/regulation/v1/ConditionSet,2026-07-21T18:08:15.348954
,ContextRegulationCode,ContextRegulationCode,A code indicating the context of a regulation that is associated with a code pair.,Class,https://w3id.org/itsdata/regulation/v1/diagrams/ContextRegulationCode.dot.svg,https://w3id.org/itsdata/regulation/v1/ContextRegulationCode,2026-07-21T18:08:15.348954
,DestinationInfo,DestinationInfo,"An attribute that indicates destination information, such as distance to destination or direction to destination.",Class,https://w3id.org/itsdata/regulation/v1/diagrams/DestinationInfo.dot.svg,https://w3id.org/itsdata/regulation/v1/DestinationInfo,2026-07-21T18:08:15.348954
,DriverCategoryCode,DriverCategoryCode,A code that indicates categories of drivers that can affect the applicability of a regulation.,Class,https://w3id.org/itsdata/regulation/v1/diagrams/DriverCategoryCode.dot.svg,https://w3id.org/itsdata/regulation/v1/DriverCategoryCode,2026-07-21T18:08:15.348954
,EnumeratedCondition,EnumeratedCondition,A condition that is based on an enumerated value in a known code list.,Class,https://w3id.org/itsdata/regulation/v1/diagrams/EnumeratedCondition.dot.svg,https://w3id.org/itsdata/regulation/v1/EnumeratedCondition,2026-07-21T18:08:15.348954
,FeeRegulationCode,FeeRegulationCode,A code indicating the type of regulation that is associated with a fee schedule.,Class,https://w3id.org/itsdata/regulation/v1/diagrams/FeeRegulationCode.dot.svg,https://w3id.org/itsdata/regulation/v1/FeeRegulationCode,2026-07-21T18:08:15.348954
,InternationalSign,InternationalSign,"A traffic control device that is used to convey information to road users, such as regulatory, warning, or guide signs.",Class,https://w3id.org/itsdata/regulation/v1/diagrams/InternationalSign.dot.svg,https://w3id.org/itsdata/regulation/v1/InternationalSign,2026-07-21T18:08:15.348954
,LegalBasis,LegalBasis,A legal basis provides references to the legal documents that authorize an entity to issue the types of regulations covered by a traffic regulation order.,Class,https://w3id.org/itsdata/regulation/v1/diagrams/LegalBasis.dot.svg,https://w3id.org/itsdata/regulation/v1/LegalBasis,2026-07-21T18:08:15.348954
,LocationCondition,LocationCondition,A condition that applies to a specific location.,Class,https://w3id.org/itsdata/regulation/v1/diagrams/LocationCondition.dot.svg,https://w3id.org/itsdata/regulation/v1/LocationCondition,2026-07-21T18:08:15.348954
,LogicalOperatorCode,LogicalOperatorCode,"A code that indicates how the members of a ConditionSet are combined (for example AND, OR, XOR, NOT, etc.).",Class,https://w3id.org/itsdata/regulation/v1/diagrams/LogicalOperatorCode.dot.svg,https://w3id.org/itsdata/regulation/v1/LogicalOperatorCode,2026-07-21T18:08:15.348954
,MeasurableCondition,MeasurableCondition,A condition that is based on a comparison between a measurable value and a threshold value.,Class,https://w3id.org/itsdata/regulation/v1/diagrams/MeasurableCondition.dot.svg,https://w3id.org/itsdata/regulation/v1/MeasurableCondition,2026-07-21T18:08:15.348954
,MeasurableConditionCode,MeasurableConditionCode,"A code that indicates the type of measurable condition that is assessed, including both the type of measure and the type of entity being measured.",Class,https://w3id.org/itsdata/regulation/v1/diagrams/MeasurableConditionCode.dot.svg,https://w3id.org/itsdata/regulation/v1/MeasurableConditionCode,2026-07-21T18:08:15.348954
,NonVehicularRoadUserCode,NonVehicularRoadUserCode,A code that indicates categories of non-vehicular road users that can affect the applicability of a regulation.,Class,https://w3id.org/itsdata/regulation/v1/diagrams/NonVehicularRoadUserCode.dot.svg,https://w3id.org/itsdata/regulation/v1/NonVehicularRoadUserCode,2026-07-21T18:08:15.348954
,PavementMarking,PavementMarking,"A device that is used to mark the pavement, such as lines, symbols, or text.",Class,https://w3id.org/itsdata/regulation/v1/diagrams/PavementMarking.dot.svg,https://w3id.org/itsdata/regulation/v1/PavementMarking,2026-07-21T18:08:15.348954
,PavementMarkingTypeCode,PavementMarkingTypeCode,A code that indicates the type of pavement marking device.,Class,https://w3id.org/itsdata/regulation/v1/diagrams/PavementMarkingTypeCode.dot.svg,https://w3id.org/itsdata/regulation/v1/PavementMarkingTypeCode,2026-07-21T18:08:15.348954
,Permit,Permit,Certificate that indicates designations that are associated with the grantee.,Class,https://w3id.org/itsdata/regulation/v1/diagrams/Permit.dot.svg,https://w3id.org/itsdata/regulation/v1/Permit,2026-07-21T18:08:15.348954
,PermitApplicationInformation,PermitApplicationInformation,Details about the application of the permit.,Class,https://w3id.org/itsdata/regulation/v1/diagrams/PermitApplicationInformation.dot.svg,https://w3id.org/itsdata/regulation/v1/PermitApplicationInformation,2026-07-21T18:08:15.348954
,PermitDesignationCode,PermitDesignationCode,A code that indicates the designation of the permit.,Class,https://w3id.org/itsdata/regulation/v1/diagrams/PermitDesignationCode.dot.svg,https://w3id.org/itsdata/regulation/v1/PermitDesignationCode,2026-07-21T18:08:15.348954
,PermitDisplayTypeCode,PermitDisplayTypeCode,A code that indicates the type of display that is associated with the permit.,Class,https://w3id.org/itsdata/regulation/v1/diagrams/PermitDisplayTypeCode.dot.svg,https://w3id.org/itsdata/regulation/v1/PermitDisplayTypeCode,2026-07-21T18:08:15.348954
,PermitGranteeTypeCode,PermitGranteeTypeCode,A code that indicates the type of grantee of the permit.,Class,https://w3id.org/itsdata/regulation/v1/diagrams/PermitGranteeTypeCode.dot.svg,https://w3id.org/itsdata/regulation/v1/PermitGranteeTypeCode,2026-07-21T18:08:15.348954
,PermitGrantorTypeCode,PermitGrantorTypeCode,A code that indicates the type of grantor of the permit.,Class,https://w3id.org/itsdata/regulation/v1/diagrams/PermitGrantorTypeCode.dot.svg,https://w3id.org/itsdata/regulation/v1/PermitGrantorTypeCode,2026-07-21T18:08:15.348954
,PermitRequiredCondition,PermitRequiredCondition,A condition that is based on the possession of a permit.,Class,https://w3id.org/itsdata/regulation/v1/diagrams/PermitRequiredCondition.dot.svg,https://w3id.org/itsdata/regulation/v1/PermitRequiredCondition,2026-07-21T18:08:15.348954
,PermitType,PermitType,A category of certificate that the grantor is able to issue to designate a grantee as a specific type of entity.,Class,https://w3id.org/itsdata/regulation/v1/diagrams/PermitType.dot.svg,https://w3id.org/itsdata/regulation/v1/PermitType,2026-07-21T18:08:15.348954
,ReasonCode,ReasonCode,A code indicating the reason for the traffic regulation order.,Class,https://w3id.org/itsdata/regulation/v1/diagrams/ReasonCode.dot.svg,https://w3id.org/itsdata/regulation/v1/ReasonCode,2026-07-21T18:08:15.348954
,RegistrationMachine,RegistrationMachine,A machine that is used to register the permit.,Class,https://w3id.org/itsdata/regulation/v1/diagrams/RegistrationMachine.dot.svg,https://w3id.org/itsdata/regulation/v1/RegistrationMachine,2026-07-21T18:08:15.348954
,RegulationCode,RegulationCode,,Class,https://w3id.org/itsdata/regulation/v1/diagrams/RegulationCode.dot.svg,https://w3id.org/itsdata/regulation/v1/RegulationCode,2026-07-21T18:08:15.348954
,RegulationDataProperty,RegulationDataProperty,A data property to organize all data properties defined in the Traffic Regulation topic area of the ITS Ontology.,DatatypeProperty,,https://w3id.org/itsdata/regulation/v1/RegulationDataProperty,2026-07-21T18:08:15.348954
,RegulationObjectProperty,RegulationObjectProperty,An object property to organize all object properties defined in the Traffic Regulation topic area of the ITS Ontology.,ObjectProperty,,https://w3id.org/itsdata/regulation/v1/RegulationObjectProperty,2026-07-21T18:08:15.348954
,RegulationThing,RegulationThing,A class to organize all classes defined in the Traffic Regulation topic area of the ITS Ontology.,Class,https://w3id.org/itsdata/regulation/v1/diagrams/RegulationThing.dot.svg,https://w3id.org/itsdata/regulation/v1/RegulationThing,2026-07-21T18:08:15.348954
,RegulatoryScopeCode,RegulatoryScopeCode,A code indicating the regulatory scope of a rule maker role.,Class,https://w3id.org/itsdata/regulation/v1/diagrams/RegulatoryScopeCode.dot.svg,https://w3id.org/itsdata/regulation/v1/RegulatoryScopeCode,2026-07-21T18:08:15.348954
,RoadSurfaceFeature,RoadSurfaceFeature,"A traffic control device that changes the nature of the road surface, such as rumble strips or speed bumps.",Class,https://w3id.org/itsdata/regulation/v1/diagrams/RoadSurfaceFeature.dot.svg,https://w3id.org/itsdata/regulation/v1/RoadSurfaceFeature,2026-07-21T18:08:15.348954
,RoadSurfaceFeatureTypeCode,RoadSurfaceFeatureTypeCode,A code that indicates the type of road surface feature.,Class,https://w3id.org/itsdata/regulation/v1/diagrams/RoadSurfaceFeatureTypeCode.dot.svg,https://w3id.org/itsdata/regulation/v1/RoadSurfaceFeatureTypeCode,2026-07-21T18:08:15.348954
,RoadTypeCode,RoadTypeCode,A code that indicates categories of roads that can affect the applicability of a regulation.,Class,https://w3id.org/itsdata/regulation/v1/diagrams/RoadTypeCode.dot.svg,https://w3id.org/itsdata/regulation/v1/RoadTypeCode,2026-07-21T18:08:15.348954
,RoadWeatherConditionCode,RoadWeatherConditionCode,A code that indicates the types of road weather conditions that can affect the applicability of a regulation.,Class,https://w3id.org/itsdata/regulation/v1/diagrams/RoadWeatherConditionCode.dot.svg,https://w3id.org/itsdata/regulation/v1/RoadWeatherConditionCode,2026-07-21T18:08:15.348954
,RuleMakerRole,RuleMakerRole,A Role that includes the responsibility for creating and maintaining rules of the road or regulations for a geographic and operational scope as defined by the parent jurisdictional entity.,Class,https://w3id.org/itsdata/regulation/v1/diagrams/RuleMakerRole.dot.svg,https://w3id.org/itsdata/regulation/v1/RuleMakerRole,2026-07-21T18:08:15.348954
,SignDestination,SignDestination,A destination that is indicated on the road sign.,Class,https://w3id.org/itsdata/regulation/v1/diagrams/SignDestination.dot.svg,https://w3id.org/itsdata/regulation/v1/SignDestination,2026-07-21T18:08:15.348954
,SimpleSign,SimpleSign,A traffic control device that consists of a single message conveyed by a single pictogram.,Class,https://w3id.org/itsdata/regulation/v1/diagrams/SimpleSign.dot.svg,https://w3id.org/itsdata/regulation/v1/SimpleSign,2026-07-21T18:08:15.348954
,StandAloneRegulationCode,StandAloneRegulationCode,A code indicating the type of regulation that does not require any supplemental information.,Class,https://w3id.org/itsdata/regulation/v1/diagrams/StandAloneRegulationCode.dot.svg,https://w3id.org/itsdata/regulation/v1/StandAloneRegulationCode,2026-07-21T18:08:15.348954
,StandingOrParkingCategoryCode,StandingOrParkingCategoryCode,A code that indicates categories of standing or parking that can affect the applicability of a regulation.,Class,https://w3id.org/itsdata/regulation/v1/diagrams/StandingOrParkingCategoryCode.dot.svg,https://w3id.org/itsdata/regulation/v1/StandingOrParkingCategoryCode,2026-07-21T18:08:15.348954
,TextComposite,TextComposite,An attribute that consists of text (multi-lingual string) on the default area of the main pictogram.,Class,https://w3id.org/itsdata/regulation/v1/diagrams/TextComposite.dot.svg,https://w3id.org/itsdata/regulation/v1/TextComposite,2026-07-21T18:08:15.348954
,TextualRegulation,TextualRegulation,A textual regulation is a rule having the force of law that is established by a regulator through a traffic regulation order.,Class,https://w3id.org/itsdata/regulation/v1/diagrams/TextualRegulation.dot.svg,https://w3id.org/itsdata/regulation/v1/TextualRegulation,2026-07-21T18:08:15.348954
,ThresholdRegulationCode,ThresholdRegulationCode,A code indicating the type of regulation that requires a threshold value.,Class,https://w3id.org/itsdata/regulation/v1/diagrams/ThresholdRegulationCode.dot.svg,https://w3id.org/itsdata/regulation/v1/ThresholdRegulationCode,2026-07-21T18:08:15.348954
,TimeValidityCondition,TimeValidityCondition,A condition that applies to a specific location.,Class,https://w3id.org/itsdata/regulation/v1/diagrams/TimeValidityCondition.dot.svg,https://w3id.org/itsdata/regulation/v1/TimeValidityCondition,2026-07-21T18:08:15.348954
,TrafficControlDevice,TrafficControlDevice,"A device that is used to control traffic, such as a road sign, traffic signal, or pavement marking.",Class,https://w3id.org/itsdata/regulation/v1/diagrams/TrafficControlDevice.dot.svg,https://w3id.org/itsdata/regulation/v1/TrafficControlDevice,2026-07-21T18:08:15.348954
,TrafficRegulation,TrafficRegulation,A traffic regulation is a rule having the force of law that is established by a regulator through a traffic regulation order.,Class,https://w3id.org/itsdata/regulation/v1/diagrams/TrafficRegulation.dot.svg,https://w3id.org/itsdata/regulation/v1/TrafficRegulation,2026-07-21T18:08:15.348954
,TrafficRegulationOrder,TrafficRegulationOrder,A legally recognized document or publication issued to enact a specific traffic regulation or regulations by a competent authority.,Class,https://w3id.org/itsdata/regulation/v1/diagrams/TrafficRegulationOrder.dot.svg,https://w3id.org/itsdata/regulation/v1/TrafficRegulationOrder,2026-07-21T18:08:15.348954
,TrafficSignal,TrafficSignal,A traffic control device that is used to control traffic flow at intersections or pedestrian crossings using lights.,Class,https://w3id.org/itsdata/regulation/v1/diagrams/TrafficSignal.dot.svg,https://w3id.org/itsdata/regulation/v1/TrafficSignal,2026-07-21T18:08:15.348954
,TrafficSignalDevice,TrafficSignalDevice,"A device that is used to control traffic signals, including traffic lights and warning beacons.",Class,https://w3id.org/itsdata/regulation/v1/diagrams/TrafficSignalDevice.dot.svg,https://w3id.org/itsdata/regulation/v1/TrafficSignalDevice,2026-07-21T18:08:15.348954
,TroStatusCode,TroStatusCode,A code indicating the lifecycle status of a traffic regulation order,Class,https://w3id.org/itsdata/regulation/v1/diagrams/TroStatusCode.dot.svg,https://w3id.org/itsdata/regulation/v1/TroStatusCode,2026-07-21T18:08:15.348954
,TunnelCategoryCode,TunnelCategoryCode,A code that indicates categories of tunnels that can affect the applicability of a regulation.,Class,https://w3id.org/itsdata/regulation/v1/diagrams/TunnelCategoryCode.dot.svg,https://w3id.org/itsdata/regulation/v1/TunnelCategoryCode,2026-07-21T18:08:15.348954
,VersionedCondition,VersionedCondition,A specific version of a condition that can be referenced by a ConditionReference.,Class,https://w3id.org/itsdata/regulation/v1/diagrams/VersionedCondition.dot.svg,https://w3id.org/itsdata/regulation/v1/VersionedCondition,2026-07-21T18:08:15.348954
,WarningBeacon,WarningBeacon,A device that is used to warn road users of potential hazards or to draw attention to specific conditions using lights or signals.,Class,https://w3id.org/itsdata/regulation/v1/diagrams/WarningBeacon.dot.svg,https://w3id.org/itsdata/regulation/v1/WarningBeacon,2026-07-21T18:08:15.348954
,accessControlType,accessControlType,A code that indicates the type of access control device.,ObjectProperty,,https://w3id.org/itsdata/regulation/v1/accessControlType,2026-07-21T18:08:15.348954
,applicableLocation,applicableLocation,The location associated with the condition.,ObjectProperty,,https://w3id.org/itsdata/regulation/v1/applicableLocation,2026-07-21T18:08:15.348954
,arrowDirection,arrowDirection,A direction that is indicated on the road sign.,ObjectProperty,,https://w3id.org/itsdata/regulation/v1/arrowDirection,2026-07-21T18:08:15.348954
,associatedTrafficControlDevice,associatedTrafficControlDevice,A traffic control device associated with the instance of the traffic regulation.,ObjectProperty,,https://w3id.org/itsdata/regulation/v1/associatedTrafficControlDevice,2026-07-21T18:08:15.348954
,authorizingTrafficRegulation,authorizingTrafficRegulation,A traffic regulation that authorizes the instance of the traffic control device.,ObjectProperty,,https://w3id.org/itsdata/regulation/v1/authorizingTrafficRegulation,2026-07-21T18:08:15.348954
,channelizationType,channelizationType,A code that indicates the type of channelization device.,ObjectProperty,,https://w3id.org/itsdata/regulation/v1/channelizationType,2026-07-21T18:08:15.348954
,comparisonOperator,comparisonOperator,The operator used to compare the value to the threshold value.,ObjectProperty,,https://w3id.org/itsdata/regulation/v1/comparisonOperator,2026-07-21T18:08:15.348954
,destinationHorizon,destinationHorizon,The distance to the destination or the time to the destination.,ObjectProperty,,https://w3id.org/itsdata/regulation/v1/destinationHorizon,2026-07-21T18:08:15.348954
,destinationPlace,destinationPlace,The place to which the road sign is pointing.,ObjectProperty,,https://w3id.org/itsdata/regulation/v1/destinationPlace,2026-07-21T18:08:15.348954
,destinationRoad,destinationRoad,The road to which the road sign is pointing.,ObjectProperty,,https://w3id.org/itsdata/regulation/v1/destinationRoad,2026-07-21T18:08:15.348954
,divergeHorizon,divergeHorizon,The distance between the sign and the junction or diverge point that leads to the point of interest.,ObjectProperty,,https://w3id.org/itsdata/regulation/v1/divergeHorizon,2026-07-21T18:08:15.348954
,divergeName,divergeName,"The name of the point of interest (e.g., destination or current location for direction 0).",ObjectProperty,,https://w3id.org/itsdata/regulation/v1/divergeName,2026-07-21T18:08:15.348954
,divergeRoute,divergeRoute,The route to which the road sign is pointing.,ObjectProperty,,https://w3id.org/itsdata/regulation/v1/divergeRoute,2026-07-21T18:08:15.348954
,forAccessCategory,forAccessCategory,The type of restriction that regulates access to a facility.,ObjectProperty,,https://w3id.org/itsdata/regulation/v1/forAccessCategory,2026-07-21T18:08:15.348954
,forEnumeratedCondition,forEnumeratedCondition,The enumerated condition that affects the applicability of the regulation.,ObjectProperty,,https://w3id.org/itsdata/regulation/v1/forEnumeratedCondition,2026-07-21T18:08:15.348954
,forMeasurableCondition,forMeasurableCondition,The measurable condition that affects the applicability of the regulation.,ObjectProperty,,https://w3id.org/itsdata/regulation/v1/forMeasurableCondition,2026-07-21T18:08:15.348954
,forNonVehicularRoadUserType,forNonVehicularRoadUserType,The type of non-vehicular road user that is subject to the regulation.,ObjectProperty,,https://w3id.org/itsdata/regulation/v1/forNonVehicularRoadUserType,2026-07-21T18:08:15.348954
,forRoadType,forRoadType,The type of road upon which travel is taking place.,ObjectProperty,,https://w3id.org/itsdata/regulation/v1/forRoadType,2026-07-21T18:08:15.348954
,forStandingOrParkingCategory,forStandingOrParkingCategory,The category of standing or parking within which travel is taking place.,ObjectProperty,,https://w3id.org/itsdata/regulation/v1/forStandingOrParkingCategory,2026-07-21T18:08:15.348954
,forTunnelCategory,forTunnelCategory,The category of tunnel within which travel is taking place.,ObjectProperty,,https://w3id.org/itsdata/regulation/v1/forTunnelCategory,2026-07-21T18:08:15.348954
,forWeatherConditionType,forWeatherConditionType,The type of weather condition that is subject to the regulation.,ObjectProperty,,https://w3id.org/itsdata/regulation/v1/forWeatherConditionType,2026-07-21T18:08:15.348954
,grantsDesignation,grantsDesignation,The permissions that are granted by the permit.,ObjectProperty,,https://w3id.org/itsdata/regulation/v1/grantsDesignation,2026-07-21T18:08:15.348954
,hasActivationStatus,hasActivationStatus,A code indicating the activation status of the traffic regulation.,ObjectProperty,,https://w3id.org/itsdata/regulation/v1/hasActivationStatus,2026-07-21T18:08:15.348954
,hasApplicableLocation,hasApplicableLocation,The location where the permit is applicable.,ObjectProperty,,https://w3id.org/itsdata/regulation/v1/hasApplicableLocation,2026-07-21T18:08:15.348954
,hasApplicationInformation,hasApplicationInformation,Details about the application of the permit.,ObjectProperty,,https://w3id.org/itsdata/regulation/v1/hasApplicationInformation,2026-07-21T18:08:15.348954
,hasApplicationInstructions,hasApplicationInstructions,The method by which the permit can be obtained.,DatatypeProperty,,https://w3id.org/itsdata/regulation/v1/hasApplicationInstructions,2026-07-21T18:08:15.348954
,hasApplicationUrl,hasApplicationUrl,The URL for the application of the permit.,DatatypeProperty,,https://w3id.org/itsdata/regulation/v1/hasApplicationUrl,2026-07-21T18:08:15.348954
,hasAssociatedFee,hasAssociatedFee,A fee that is associated with the instance of the traffic regulation.,ObjectProperty,,https://w3id.org/itsdata/regulation/v1/hasAssociatedFee,2026-07-21T18:08:15.348954
,hasAssociatedRestriction,hasAssociatedRestriction,A restriction associated with the traffic regulation.,ObjectProperty,,https://w3id.org/itsdata/regulation/v1/hasAssociatedRestriction,2026-07-21T18:08:15.348954
,hasCondition,hasCondition,"A condition associated with the instance (for example a traffic regulation); not used for the part-whole composition of a ConditionSet, which uses cdm1:hasComponent.",ObjectProperty,,https://w3id.org/itsdata/regulation/v1/hasCondition,2026-07-21T18:08:15.348954
,hasContactInformation,hasContactInformation,Contact information for the entity that is responsible for the traffic regulation.,ObjectProperty,,https://w3id.org/itsdata/regulation/v1/hasContactInformation,2026-07-21T18:08:15.348954
,hasDefaultDurationLimit,hasDefaultDurationLimit,The default duration of the permit.,ObjectProperty,,https://w3id.org/itsdata/regulation/v1/hasDefaultDurationLimit,2026-07-21T18:08:15.348954
,hasDefaultLocation,hasDefaultLocation,The default location of the permit.,ObjectProperty,,https://w3id.org/itsdata/regulation/v1/hasDefaultLocation,2026-07-21T18:08:15.348954
,hasDefaultRepeatInterval,hasDefaultRepeatInterval,The default repeat interval of the permit.,ObjectProperty,,https://w3id.org/itsdata/regulation/v1/hasDefaultRepeatInterval,2026-07-21T18:08:15.348954
,hasDisplayType,hasDisplayType,The type of display that is associated with the permit.,ObjectProperty,,https://w3id.org/itsdata/regulation/v1/hasDisplayType,2026-07-21T18:08:15.348954
,hasDurationLimit,hasDurationLimit,The maximum duration of the permit.,ObjectProperty,,https://w3id.org/itsdata/regulation/v1/hasDurationLimit,2026-07-21T18:08:15.348954
,hasGrantee,hasGrantee,The entity that is granted the permit.,ObjectProperty,,https://w3id.org/itsdata/regulation/v1/hasGrantee,2026-07-21T18:08:15.348954
,hasGranteeType,hasGranteeType,The type of entity that is granted the permit.,ObjectProperty,,https://w3id.org/itsdata/regulation/v1/hasGranteeType,2026-07-21T18:08:15.348954
,hasGrantor,hasGrantor,The authority that is responsible for issuing the permit.,ObjectProperty,,https://w3id.org/itsdata/regulation/v1/hasGrantor,2026-07-21T18:08:15.348954
,hasInformationUrl,hasInformationUrl,The URL for the information about the permit.,DatatypeProperty,,https://w3id.org/itsdata/regulation/v1/hasInformationUrl,2026-07-21T18:08:15.348954
,hasLegalBasis,hasLegalBasis,"formal authority within the law (e.g., statute, ordinance, administrative rule, constitutional provision) that empowers an entity to create, adopt, or enforce a regulation",ObjectProperty,,https://w3id.org/itsdata/regulation/v1/hasLegalBasis,2026-07-21T18:08:15.348954
,hasPermitType,hasPermitType,The type of permit.,ObjectProperty,,https://w3id.org/itsdata/regulation/v1/hasPermitType,2026-07-21T18:08:15.348954
,hasRegistrationMachine,hasRegistrationMachine,A registration machine that is associated with the instance of the traffic regulation.,ObjectProperty,,https://w3id.org/itsdata/regulation/v1/hasRegistrationMachine,2026-07-21T18:08:15.348954
,hasRepeatInterval,hasRepeatInterval,The minimum time to the next entry.,ObjectProperty,,https://w3id.org/itsdata/regulation/v1/hasRepeatInterval,2026-07-21T18:08:15.348954
,hasValidityPeriod,hasValidityPeriod,The validity period of the permit.,ObjectProperty,,https://w3id.org/itsdata/regulation/v1/hasValidityPeriod,2026-07-21T18:08:15.348954
,image,image,An image that is associated with the traffic control device.,DatatypeProperty,,https://w3id.org/itsdata/regulation/v1/image,2026-07-21T18:08:15.348954
,implementedLocation,implementedLocation,"The location where the regulation was implemented (e.g., with traffic control devices).",ObjectProperty,,https://w3id.org/itsdata/regulation/v1/implementedLocation,2026-07-21T18:08:15.348954
,implementedValidity,implementedValidity,The validity period for the condition as implemented.,ObjectProperty,,https://w3id.org/itsdata/regulation/v1/implementedValidity,2026-07-21T18:08:15.348954
,isActive,isActive,Indicates whether the condition is currently active.,DatatypeProperty,,https://w3id.org/itsdata/regulation/v1/isActive,2026-07-21T18:08:15.348954
,isApplicationRequired,isApplicationRequired,Indicates whether an application is required for the permit.,DatatypeProperty,,https://w3id.org/itsdata/regulation/v1/isApplicationRequired,2026-07-21T18:08:15.348954
,isLocationSpecific,isLocationSpecific,Indicates whether the permit is location specific.,DatatypeProperty,,https://w3id.org/itsdata/regulation/v1/isLocationSpecific,2026-07-21T18:08:15.348954
,issued,issued,The date and time the permit was issued.,DatatypeProperty,,https://w3id.org/itsdata/regulation/v1/issued,2026-07-21T18:08:15.348954
,issuedTro,issuedTro,A traffic regulation order issued by the entity.,ObjectProperty,,https://w3id.org/itsdata/regulation/v1/issuedTro,2026-07-21T18:08:15.348954
,issuingAuthority,issuingAuthority,The entity that issued the instance of the traffic regulation order,ObjectProperty,,https://w3id.org/itsdata/regulation/v1/issuingAuthority,2026-07-21T18:08:15.348954
,locationByOrder,locationByOrder,The location where the regulation is defined to apply per the traffic regulation order.,ObjectProperty,,https://w3id.org/itsdata/regulation/v1/locationByOrder,2026-07-21T18:08:15.348954
,logicalOperator,logicalOperator,The logical operator used to combine the Conditions in a ConditionSet.,ObjectProperty,,https://w3id.org/itsdata/regulation/v1/logicalOperator,2026-07-21T18:08:15.348954
,memberTrafficRegulation,memberTrafficRegulation,A traffic regulation enacted by the traffic regulation order.,ObjectProperty,,https://w3id.org/itsdata/regulation/v1/memberTrafficRegulation,2026-07-21T18:08:15.348954
,nationalSignId,nationalSignId,The national sign identifier for the traffic control device.,ObjectProperty,,https://w3id.org/itsdata/regulation/v1/nationalSignId,2026-07-21T18:08:15.348954
,negate,negate,Indicates whether the condition is negated.,DatatypeProperty,,https://w3id.org/itsdata/regulation/v1/negate,2026-07-21T18:08:15.348954
,otherCondition,otherCondition,A separate condition that determines the applicability of the regulation.,DatatypeProperty,,https://w3id.org/itsdata/regulation/v1/otherCondition,2026-07-21T18:08:15.348954
,pavementMarkingType,pavementMarkingType,A code that indicates the type of pavement marking device.,ObjectProperty,,https://w3id.org/itsdata/regulation/v1/pavementMarkingType,2026-07-21T18:08:15.348954
,permitInformation,permitInformation,Information about any permits that are associated with the regulation.,ObjectProperty,,https://w3id.org/itsdata/regulation/v1/permitInformation,2026-07-21T18:08:15.348954
,permittedEntityType,permittedEntityType,The type of entity that is permitted to use the permit.,ObjectProperty,,https://w3id.org/itsdata/regulation/v1/permittedEntityType,2026-07-21T18:08:15.348954
,pictogram,pictogram,The pictogram that is associated with the traffic control device.,ObjectProperty,,https://w3id.org/itsdata/regulation/v1/pictogram,2026-07-21T18:08:15.348954
,reasonCode,reasonCode,A reason justifying the existence of the instance of the traffic regulation order,ObjectProperty,,https://w3id.org/itsdata/regulation/v1/reasonCode,2026-07-21T18:08:15.348954
,regulatoryScope,regulatoryScope,Indication of the types of regulations that can be enacted by the rule maker.,ObjectProperty,,https://w3id.org/itsdata/regulation/v1/regulatoryScope,2026-07-21T18:08:15.348954
,requiredDesignation,requiredDesignation,The designation of the permit that is required for the instance of the traffic regulation.,ObjectProperty,,https://w3id.org/itsdata/regulation/v1/requiredDesignation,2026-07-21T18:08:15.348954
,requiredDisplayType,requiredDisplayType,The display type of the permit that is required for the instance of the traffic regulation.,ObjectProperty,,https://w3id.org/itsdata/regulation/v1/requiredDisplayType,2026-07-21T18:08:15.348954
,requiredGrantor,requiredGrantor,The grantor of the permit that is required for the instance of the traffic regulation.,ObjectProperty,,https://w3id.org/itsdata/regulation/v1/requiredGrantor,2026-07-21T18:08:15.348954
,requiredGrantorType,requiredGrantorType,The type of grantor of the permit that is required for the instance of the traffic regulation.,ObjectProperty,,https://w3id.org/itsdata/regulation/v1/requiredGrantorType,2026-07-21T18:08:15.348954
,requiredPermitIdentifier,requiredPermitIdentifier,The identifier of the permit that is required for the instance of the traffic regulation.,DatatypeProperty,,https://w3id.org/itsdata/regulation/v1/requiredPermitIdentifier,2026-07-21T18:08:15.348954
,roadSurfaceFeatureType,roadSurfaceFeatureType,A code that indicates the type of road surface feature.,ObjectProperty,,https://w3id.org/itsdata/regulation/v1/roadSurfaceFeatureType,2026-07-21T18:08:15.348954
,simpleSignList,simpleSignList,"The rdf:List whose ordered members are SimpleSigns for this composite: list head is the main sign, and each rdf:rest continues the sequence.",ObjectProperty,,https://w3id.org/itsdata/regulation/v1/simpleSignList,2026-07-21T18:08:15.348954
,trafficImpactLocation,trafficImpactLocation,The location where traffic is impacted due to the existence of the regulation.,ObjectProperty,,https://w3id.org/itsdata/regulation/v1/trafficImpactLocation,2026-07-21T18:08:15.348954
,troStatus,troStatus,The current lifecycle status of the instance of the containing class,ObjectProperty,,https://w3id.org/itsdata/regulation/v1/troStatus,2026-07-21T18:08:15.348954
,url,url,The URL that is associated with the traffic control device.,DatatypeProperty,,https://w3id.org/itsdata/regulation/v1/url,2026-07-21T18:08:15.348954
,validityByOrder,validityByOrder,The validity period for the condition.,ObjectProperty,,https://w3id.org/itsdata/regulation/v1/validityByOrder,2026-07-21T18:08:15.348954
,valueToCompare,valueToCompare,The threshold value to compare against the current value to determine the applicability of the regulation.,ObjectProperty,,https://w3id.org/itsdata/regulation/v1/valueToCompare,2026-07-21T18:08:15.348954
,version,version,The version of the object.,DatatypeProperty,,https://w3id.org/itsdata/regulation/v1/version,2026-07-21T18:08:15.348954
